{"cameraMode":{"drawMode":0,"name":"Shaded","section":"Shading Mode"},"sceneLighting":false,"audioPlay":false,"sceneViewState":{"showFog":true,"showMaterialUpdate":false,"showSkybox":false,"showFlares":true,"showImageEffects":true,"showParticleSystems":true,"showVisualEffectGraphs":true,"m_FxEnabled":true},"in2DMode":false,"pivot":{"x":-0.11124289035797119,"y":-0.2453622817993164,"z":0.6460872888565064},"rotation":{"x":0.19303296506404878,"y":0.7454800605773926,"z":-0.24415190517902375,"w":0.5893975496292114},"size":0.8051013350486755,"orthographic":false}