{"cameraMode":{"drawMode":0,"name":"Shaded","section":"Shading Mode"},"sceneLighting":false,"audioPlay":false,"sceneViewState":{"showFog":true,"showMaterialUpdate":false,"showSkybox":false,"showFlares":true,"showImageEffects":true,"showParticleSystems":true,"showVisualEffectGraphs":true,"m_FxEnabled":true},"in2DMode":false,"pivot":{"x":-0.1958916187286377,"y":0.17908549308776856,"z":-0.1197357177734375},"rotation":{"x":0.09341362863779068,"y":0.8703581690788269,"z":-0.18141955137252809,"w":0.44815146923065188},"size":1.4051012992858887,"orthographic":false}