{"cameraMode":{"drawMode":0,"name":"Shaded","section":"Shading Mode"},"sceneLighting":false,"audioPlay":false,"sceneViewState":{"showFog":true,"showMaterialUpdate":false,"showSkybox":false,"showFlares":true,"showImageEffects":true,"showParticleSystems":true,"showVisualEffectGraphs":true,"m_FxEnabled":true},"in2DMode":false,"pivot":{"x":0.20791497826576234,"y":-0.3317474126815796,"z":0.5720216035842896},"rotation":{"x":0.24667459726333619,"y":0.14126840233802796,"z":-0.03637421131134033,"w":0.9580588340759277},"size":0.889831006526947,"orthographic":false}