{"cameraMode":{"drawMode":0,"name":"Shaded","section":"Shading Mode"},"sceneLighting":false,"audioPlay":false,"sceneViewState":{"showFog":true,"showMaterialUpdate":false,"showSkybox":false,"showFlares":true,"showImageEffects":true,"showParticleSystems":true,"showVisualEffectGraphs":true,"m_FxEnabled":true},"in2DMode":false,"pivot":{"x":0.08147833496332169,"y":-0.9576420783996582,"z":0.1421833038330078},"rotation":{"x":0.6255396008491516,"y":-0.03204170987010002,"z":0.025724787265062333,"w":0.7791109681129456},"size":0.8898308873176575,"orthographic":false}