{"cameraMode":{"drawMode":0,"name":"Shaded","section":"Shading Mode"},"sceneLighting":false,"audioPlay":false,"sceneViewState":{"showFog":true,"showMaterialUpdate":false,"showSkybox":false,"showFlares":true,"showImageEffects":true,"showParticleSystems":true,"showVisualEffectGraphs":true,"m_FxEnabled":true},"in2DMode":false,"pivot":{"x":-3.570005416870117,"y":2.670055627822876,"z":8.709989547729493},"rotation":{"x":-0.060432612895965579,"y":0.8458043932914734,"z":-0.09812716394662857,"w":-0.520897388458252},"size":0.00003468805880402215,"orthographic":false}