{"cameraMode":{"drawMode":0,"name":"Shaded","section":"Shading Mode"},"sceneLighting":true,"audioPlay":false,"sceneViewState":{"showFog":true,"showMaterialUpdate":false,"showSkybox":true,"showFlares":true,"showImageEffects":true,"showParticleSystems":true,"showVisualEffectGraphs":true,"m_FxEnabled":true},"in2DMode":false,"pivot":{"x":181.93527221679688,"y":-311.9635925292969,"z":83.86827087402344},"rotation":{"x":-0.018045183271169664,"y":-0.9783875346183777,"z":0.09717739373445511,"w":-0.18167147040367127},"size":14.266228675842286,"orthographic":false}