{"cameraMode":{"drawMode":0,"name":"Shaded","section":"Shading Mode"},"sceneLighting":true,"audioPlay":false,"sceneViewState":{"showFog":true,"showMaterialUpdate":false,"showSkybox":true,"showFlares":true,"showImageEffects":true,"showParticleSystems":true,"showVisualEffectGraphs":true,"m_FxEnabled":true},"in2DMode":false,"pivot":{"x":275.1219482421875,"y":54.250762939453128,"z":20.582304000854493},"rotation":{"x":0.19600963592529298,"y":-0.6141470670700073,"z":0.16107036173343659,"w":0.7473185062408447},"size":1.0193965435028077,"orthographic":false}