{"cameraMode":{"drawMode":0,"name":"Shaded","section":"Shading Mode"},"sceneLighting":false,"audioPlay":false,"sceneViewState":{"showFog":true,"showMaterialUpdate":false,"showSkybox":false,"showFlares":true,"showImageEffects":true,"showParticleSystems":true,"showVisualEffectGraphs":true,"m_FxEnabled":true},"in2DMode":false,"pivot":{"x":0.061553455889225009,"y":0.44585439562797549,"z":-0.0982581377029419},"rotation":{"x":0.01900581456720829,"y":0.9760990142822266,"z":-0.09547211229801178,"w":0.19431060552597047},"size":1.0779470205307007,"orthographic":true}