{"cameraMode":{"drawMode":0,"name":"Shaded","section":"Shading Mode"},"sceneLighting":false,"audioPlay":false,"sceneViewState":{"showFog":true,"showMaterialUpdate":false,"showSkybox":false,"showFlares":true,"showImageEffects":true,"showParticleSystems":true,"showVisualEffectGraphs":true,"m_FxEnabled":true},"in2DMode":false,"pivot":{"x":-0.3046453297138214,"y":-0.14416125416755677,"z":0.11956262588500977},"rotation":{"x":0.17278790473937989,"y":0.5849252343177795,"z":-0.12926574051380158,"w":0.7818604111671448},"size":0.8929974436759949,"orthographic":true}