{"cameraMode":{"drawMode":0,"name":"Shaded","section":"Shading Mode"},"sceneLighting":false,"audioPlay":false,"sceneViewState":{"showFog":true,"showMaterialUpdate":false,"showSkybox":false,"showFlares":true,"showImageEffects":true,"showParticleSystems":true,"showVisualEffectGraphs":true,"m_FxEnabled":true},"in2DMode":false,"pivot":{"x":-0.5474860072135925,"y":-0.3097463846206665,"z":0.029873132705688478},"rotation":{"x":0.07826963812112808,"y":0.8862972855567932,"z":-0.16265299916267396,"w":0.4264918863773346},"size":1.7878391742706299,"orthographic":false}