{"cameraMode":{"drawMode":0,"name":"Shaded","section":"Shading Mode"},"sceneLighting":false,"audioPlay":false,"sceneViewState":{"showFog":true,"showMaterialUpdate":false,"showSkybox":false,"showFlares":true,"showImageEffects":true,"showParticleSystems":true,"showVisualEffectGraphs":true,"m_FxEnabled":true},"in2DMode":false,"pivot":{"x":-26.45199966430664,"y":0.45100000500679018,"z":-13.292295455932618},"rotation":{"x":0.19213785231113435,"y":-0.21013687551021577,"z":0.04215952754020691,"w":0.9576789736747742},"size":0.7299038767814636,"orthographic":false}