{"cameraMode":{"drawMode":0,"name":"Shaded","section":"Shading Mode"},"sceneLighting":false,"audioPlay":false,"sceneViewState":{"showFog":true,"showMaterialUpdate":false,"showSkybox":false,"showFlares":true,"showImageEffects":true,"showParticleSystems":true,"showVisualEffectGraphs":true,"m_FxEnabled":true},"in2DMode":false,"pivot":{"x":-3.5883097648620607,"y":-1.1194381713867188,"z":-2.0545973777770998},"rotation":{"x":0.12225297093391419,"y":0.3086565136909485,"z":-0.040038980543613437,"w":0.9424346089363098},"size":0.37273865938186648,"orthographic":false}