{"cameraMode":{"drawMode":0,"name":"Shaded","section":"Shading Mode"},"sceneLighting":false,"audioPlay":false,"sceneViewState":{"showFog":true,"showMaterialUpdate":false,"showSkybox":false,"showFlares":true,"showImageEffects":true,"showParticleSystems":true,"showVisualEffectGraphs":true,"m_FxEnabled":true},"in2DMode":false,"pivot":{"x":-60.61140823364258,"y":-1.0592890977859498,"z":-9.200187683105469},"rotation":{"x":-0.1538795381784439,"y":0.009185473434627056,"z":-0.0014306290540844203,"w":-0.9880467057228088},"size":3.0019705295562746,"orthographic":false}