{"cameraMode":{"drawMode":0,"name":"Shaded","section":"Shading Mode"},"sceneLighting":false,"audioPlay":false,"sceneViewState":{"showFog":true,"showMaterialUpdate":true,"showSkybox":false,"showFlares":true,"showImageEffects":true,"showParticleSystems":true,"showVisualEffectGraphs":true,"m_FxEnabled":true},"in2DMode":false,"pivot":{"x":1.080698013305664,"y":3.137448787689209,"z":11.939456939697266},"rotation":{"x":0.03326243907213211,"y":-0.6097291707992554,"z":0.025623764842748643,"w":0.7914968132972717},"size":12.012945175170899,"orthographic":false}