{"cameraMode":{"drawMode":0,"name":"Shaded","section":"Shading Mode"},"sceneLighting":false,"audioPlay":false,"sceneViewState":{"showFog":true,"showMaterialUpdate":false,"showSkybox":false,"showFlares":true,"showImageEffects":true,"showParticleSystems":true,"showVisualEffectGraphs":true,"m_FxEnabled":true},"in2DMode":false,"pivot":{"x":0.23438739776611329,"y":-0.07574355602264404,"z":-0.6794853210449219},"rotation":{"x":0.30832579731941225,"y":0.25135570764541628,"z":-0.08483489602804184,"w":0.9135457277297974},"size":0.7555095553398132,"orthographic":false}