{"cameraMode":{"drawMode":0,"name":"Shaded","section":"Shading Mode"},"sceneLighting":false,"audioPlay":false,"sceneViewState":{"showFog":true,"showMaterialUpdate":false,"showSkybox":false,"showFlares":true,"showImageEffects":true,"showParticleSystems":true,"showVisualEffectGraphs":true,"m_FxEnabled":true},"in2DMode":false,"pivot":{"x":0.33258283138275149,"y":-0.10337400436401367,"z":-0.13614539802074433},"rotation":{"x":0.12960004806518556,"y":0.741533100605011,"z":-0.14993058145046235,"w":0.6409838795661926},"size":0.7555095553398132,"orthographic":false}