{"cameraMode":{"drawMode":0,"name":"Shaded","section":"Shading Mode"},"sceneLighting":false,"audioPlay":false,"sceneViewState":{"showFog":true,"showMaterialUpdate":false,"showSkybox":false,"showFlares":true,"showImageEffects":true,"showParticleSystems":true,"showVisualEffectGraphs":true,"m_FxEnabled":true},"in2DMode":false,"pivot":{"x":-0.6070318222045898,"y":0.3074679672718048,"z":1.0021216869354249},"rotation":{"x":0.11196931451559067,"y":0.6916173696517944,"z":-0.10983939468860626,"w":0.7050279974937439},"size":0.48138585686683657,"orthographic":false}