{"cameraMode":{"drawMode":0,"name":"Shaded","section":"Shading Mode"},"sceneLighting":false,"audioPlay":false,"sceneViewState":{"showFog":true,"showMaterialUpdate":false,"showSkybox":false,"showFlares":true,"showImageEffects":true,"showParticleSystems":true,"showVisualEffectGraphs":true,"m_FxEnabled":true},"in2DMode":false,"pivot":{"x":0.4043008089065552,"y":-0.44147801399230959,"z":0.6178169250488281},"rotation":{"x":-0.24996021389961244,"y":0.30872294306755068,"z":-0.0844457820057869,"w":-0.9138286113739014},"size":1.0625958442687989,"orthographic":false}